INSERT INTO todoapp.calendar (id) VALUES ('023decf4-2ceb-4221-9031-f8ebfa2e39bb');
INSERT INTO todoapp.calendar (id) VALUES ('036203e3-fd22-497a-aa4f-2fcca1f4545c');
INSERT INTO todoapp.calendar (id) VALUES ('44a45d92-0ec1-4d55-a442-4251a15ac0f7');
INSERT INTO todoapp.calendar (id) VALUES ('493354de-363e-4182-8673-f68c30f3835c');
INSERT INTO todoapp.calendar (id) VALUES ('64487846-ff42-4670-99ca-91fd63ea0aaa');
INSERT INTO todoapp.calendar (id) VALUES ('72f9271a-4597-4fc3-8ba9-5730f918fb46');
INSERT INTO todoapp.calendar (id) VALUES ('a7ba37e9-d03b-45ba-be8e-2dc1109f5c39');
INSERT INTO todoapp.calendar (id) VALUES ('b6e231d4-fd69-41a6-bbf0-1799cfcfc699');
INSERT INTO todoapp.calendar (id) VALUES ('d40b9dec-e84b-45fa-97f2-353feab56568');
INSERT INTO todoapp.calendar (id) VALUES ('e1ed8e7b-1515-49bf-9874-b5178c1ca19a');
INSERT INTO todoapp.`groups` (id) VALUES ('1668be20-d71c-47a9-bb8d-18e0c2618bf9');
INSERT INTO todoapp.`groups` (id) VALUES ('180712e0-1c32-4889-b18d-8e7424bbba97');
INSERT INTO todoapp.`groups` (id) VALUES ('1e62a178-2f78-42f8-b225-6a202cb583af');
INSERT INTO todoapp.`groups` (id) VALUES ('24fba1dd-a51c-4964-b378-0d9f157cae91');
INSERT INTO todoapp.`groups` (id) VALUES ('26cbc080-0464-4659-a970-8fbe11269b20');
INSERT INTO todoapp.`groups` (id) VALUES ('bcf9e247-aae7-4ab9-97c7-be346cb38ee7');
INSERT INTO todoapp.`groups` (id) VALUES ('d1b43015-7fcf-4cbe-aff2-01de5a9c1479');
INSERT INTO todoapp.`groups` (id) VALUES ('d1f449e9-725d-4261-a16d-646c6563fde9');
INSERT INTO todoapp.`groups` (id) VALUES ('d274628b-d5b6-4309-8185-e23ae659a629');
INSERT INTO todoapp.`groups` (id) VALUES ('ee5bb14f-a8d8-4d5c-be56-1b24d212c357');
INSERT INTO todoapp.reminder (id, date, description, title) VALUES ('08122c32-323c-4557-9d0b-6a48e1ea94b7', '2023-03-17', 'test123', 'test0');
INSERT INTO todoapp.reminder (id, date, description, title) VALUES ('12523392-3580-4a92-91e6-13a43f48ac3c', '2023-03-17', 'test123', 'test1');
INSERT INTO todoapp.reminder (id, date, description, title) VALUES ('1cbc7cbe-1e14-43e2-9188-8bc75b4409ce', '2023-03-17', 'test123', 'test2');
INSERT INTO todoapp.reminder (id, date, description, title) VALUES ('77840eb0-60b3-4971-84f2-1f67dd140a55', '2023-03-17', 'test123', 'test3');
INSERT INTO todoapp.reminder (id, date, description, title) VALUES ('84272473-1937-4451-90f1-aa5be43e3418', '2023-03-17', 'test123', 'test4');
INSERT INTO todoapp.reminder (id, date, description, title) VALUES ('94cb712a-516f-4da5-9117-5ac195be29a9', '2023-03-17', 'test123', 'test5');
INSERT INTO todoapp.reminder (id, date, description, title) VALUES ('a95e90e0-7ea7-4e5e-b5db-1f4f210180b8', '2023-03-17', 'test123', 'test6');
INSERT INTO todoapp.reminder (id, date, description, title) VALUES ('d2aa0d37-3146-42f9-9edb-854a621955e4', '2023-03-17', 'test123', 'test7');
INSERT INTO todoapp.reminder (id, date, description, title) VALUES ('d2d21d4f-04ad-4249-92ef-b1781623252e', '2023-03-17', 'test123', 'test8');
INSERT INTO todoapp.reminder (id, date, description, title) VALUES ('f3488bf6-bf18-45df-bc81-063e9e6e09aa', '2023-03-17', 'test123', 'test9');
INSERT INTO todoapp.tag (name) VALUES ('test0');
INSERT INTO todoapp.tag (name) VALUES ('test1');
INSERT INTO todoapp.tag (name) VALUES ('test2');
INSERT INTO todoapp.tag (name) VALUES ('test3');
INSERT INTO todoapp.tag (name) VALUES ('test4');
INSERT INTO todoapp.tag (name) VALUES ('test5');
INSERT INTO todoapp.tag (name) VALUES ('test6');
INSERT INTO todoapp.tag (name) VALUES ('test7');
INSERT INTO todoapp.tag (name) VALUES ('test8');
INSERT INTO todoapp.tag (name) VALUES ('test9');
INSERT INTO todoapp.todo (id, content, until_date) VALUES ('832738d7-6a84-4978-a196-43616a279df9', 'test0', '2023-03-17');
INSERT INTO todoapp.todo (id, content, until_date) VALUES ('8b95b726-fa2c-424c-9bc9-023122f338fd', 'test9', '2023-03-17');
INSERT INTO todoapp.todo (id, content, until_date) VALUES ('9ad73f91-c3f6-472f-a01d-71dd61afe3d3', 'test3', '2023-03-17');
INSERT INTO todoapp.todo (id, content, until_date) VALUES ('b533afe0-0e9a-459f-9eb0-6e1cc508dc2c', 'test2', '2023-03-17');
INSERT INTO todoapp.todo (id, content, until_date) VALUES ('c03e1dad-b323-474f-80ac-c04495904c1f', 'test6', '2023-03-17');
INSERT INTO todoapp.todo (id, content, until_date) VALUES ('c4415452-cc0d-4d10-acd3-ef39cdd54907', 'test7', '2023-03-17');
INSERT INTO todoapp.todo (id, content, until_date) VALUES ('c6102ecb-9c1a-4883-9d01-b82feb78fdce', 'test5', '2023-03-17');
INSERT INTO todoapp.todo (id, content, until_date) VALUES ('c9457403-09a7-48f3-8fe1-92896c66a65f', 'test1', '2023-03-17');
INSERT INTO todoapp.todo (id, content, until_date) VALUES ('ca7510a0-1d01-4864-b8dd-9e6bb5cccd91', 'test4', '2023-03-17');
INSERT INTO todoapp.todo (id, content, until_date) VALUES ('e22a8d72-6c91-4ba9-a725-700998060f10', 'test8', '2023-03-17');
INSERT INTO todoapp.users (id, name, password) VALUES ('049d1a7f-62f1-48a1-83d5-6601c8230a76', 'user5', '12345');
INSERT INTO todoapp.users (id, name, password) VALUES ('0cbeace2-fb49-4d79-8773-0b3a486b5743', 'user7', '12347');
INSERT INTO todoapp.users (id, name, password) VALUES ('4e4aa222-0261-4d88-8605-54a48246f62c', 'user2', '12342');
INSERT INTO todoapp.users (id, name, password) VALUES ('53d5d38a-b87d-4aac-9f83-9300e9edec94', 'user3', '12343');
INSERT INTO todoapp.users (id, name, password) VALUES ('5977f43c-9b86-4960-8569-cf16b471f9e7', 'user8', '12348');
INSERT INTO todoapp.users (id, name, password) VALUES ('c4d0a6f7-6316-4839-89ba-d6fd0bb84447', 'user9', '12349');
INSERT INTO todoapp.users (id, name, password) VALUES ('d81a4860-9885-47e1-8b24-ac178e299e03', 'user0', '12340');
INSERT INTO todoapp.users (id, name, password) VALUES ('ec86dcf2-8e5e-45fe-b0de-9b20ca7dfe7a', 'user4', '12344');
INSERT INTO todoapp.users (id, name, password) VALUES ('f21a7170-5c77-4a04-9e08-9251770d8f6a', 'user1', '12341');
INSERT INTO todoapp.users (id, name, password) VALUES ('febd2ca7-4838-410e-9a58-2a72495c846a', 'user6', '12346');
INSERT INTO todoapp.calendar_reminder (calendar_id, reminder_id) VALUES ('023decf4-2ceb-4221-9031-f8ebfa2e39bb', '84272473-1937-4451-90f1-aa5be43e3418');
INSERT INTO todoapp.calendar_reminder (calendar_id, reminder_id) VALUES ('036203e3-fd22-497a-aa4f-2fcca1f4545c', 'd2aa0d37-3146-42f9-9edb-854a621955e4');
INSERT INTO todoapp.calendar_reminder (calendar_id, reminder_id) VALUES ('44a45d92-0ec1-4d55-a442-4251a15ac0f7', 'a95e90e0-7ea7-4e5e-b5db-1f4f210180b8');
INSERT INTO todoapp.calendar_reminder (calendar_id, reminder_id) VALUES ('493354de-363e-4182-8673-f68c30f3835c', 'f3488bf6-bf18-45df-bc81-063e9e6e09aa');
INSERT INTO todoapp.calendar_reminder (calendar_id, reminder_id) VALUES ('64487846-ff42-4670-99ca-91fd63ea0aaa', '1cbc7cbe-1e14-43e2-9188-8bc75b4409ce');
INSERT INTO todoapp.calendar_reminder (calendar_id, reminder_id) VALUES ('72f9271a-4597-4fc3-8ba9-5730f918fb46', '94cb712a-516f-4da5-9117-5ac195be29a9');
INSERT INTO todoapp.calendar_reminder (calendar_id, reminder_id) VALUES ('a7ba37e9-d03b-45ba-be8e-2dc1109f5c39', '08122c32-323c-4557-9d0b-6a48e1ea94b7');
INSERT INTO todoapp.calendar_reminder (calendar_id, reminder_id) VALUES ('b6e231d4-fd69-41a6-bbf0-1799cfcfc699', 'd2d21d4f-04ad-4249-92ef-b1781623252e');
INSERT INTO todoapp.calendar_reminder (calendar_id, reminder_id) VALUES ('d40b9dec-e84b-45fa-97f2-353feab56568', '77840eb0-60b3-4971-84f2-1f67dd140a55');
INSERT INTO todoapp.calendar_reminder (calendar_id, reminder_id) VALUES ('e1ed8e7b-1515-49bf-9874-b5178c1ca19a', '12523392-3580-4a92-91e6-13a43f48ac3c');
INSERT INTO todoapp.calendar_todos (calendar_id, todos_id) VALUES ('023decf4-2ceb-4221-9031-f8ebfa2e39bb', 'ca7510a0-1d01-4864-b8dd-9e6bb5cccd91');
INSERT INTO todoapp.calendar_todos (calendar_id, todos_id) VALUES ('036203e3-fd22-497a-aa4f-2fcca1f4545c', '9ad73f91-c3f6-472f-a01d-71dd61afe3d3');
INSERT INTO todoapp.calendar_todos (calendar_id, todos_id) VALUES ('44a45d92-0ec1-4d55-a442-4251a15ac0f7', 'c6102ecb-9c1a-4883-9d01-b82feb78fdce');
INSERT INTO todoapp.calendar_todos (calendar_id, todos_id) VALUES ('493354de-363e-4182-8673-f68c30f3835c', 'c03e1dad-b323-474f-80ac-c04495904c1f');
INSERT INTO todoapp.calendar_todos (calendar_id, todos_id) VALUES ('64487846-ff42-4670-99ca-91fd63ea0aaa', 'c4415452-cc0d-4d10-acd3-ef39cdd54907');
INSERT INTO todoapp.calendar_todos (calendar_id, todos_id) VALUES ('72f9271a-4597-4fc3-8ba9-5730f918fb46', '8b95b726-fa2c-424c-9bc9-023122f338fd');
INSERT INTO todoapp.calendar_todos (calendar_id, todos_id) VALUES ('a7ba37e9-d03b-45ba-be8e-2dc1109f5c39', 'e22a8d72-6c91-4ba9-a725-700998060f10');
INSERT INTO todoapp.calendar_todos (calendar_id, todos_id) VALUES ('b6e231d4-fd69-41a6-bbf0-1799cfcfc699', 'c9457403-09a7-48f3-8fe1-92896c66a65f');
INSERT INTO todoapp.calendar_todos (calendar_id, todos_id) VALUES ('d40b9dec-e84b-45fa-97f2-353feab56568', 'b533afe0-0e9a-459f-9eb0-6e1cc508dc2c');
INSERT INTO todoapp.calendar_todos (calendar_id, todos_id) VALUES ('e1ed8e7b-1515-49bf-9874-b5178c1ca19a', '832738d7-6a84-4978-a196-43616a279df9');
INSERT INTO todoapp.groups_todos (group_id, todos_id) VALUES ('1668be20-d71c-47a9-bb8d-18e0c2618bf9', 'ca7510a0-1d01-4864-b8dd-9e6bb5cccd91');
INSERT INTO todoapp.groups_todos (group_id, todos_id) VALUES ('180712e0-1c32-4889-b18d-8e7424bbba97', 'c03e1dad-b323-474f-80ac-c04495904c1f');
INSERT INTO todoapp.groups_todos (group_id, todos_id) VALUES ('1e62a178-2f78-42f8-b225-6a202cb583af', 'c9457403-09a7-48f3-8fe1-92896c66a65f');
INSERT INTO todoapp.groups_todos (group_id, todos_id) VALUES ('24fba1dd-a51c-4964-b378-0d9f157cae91', 'c6102ecb-9c1a-4883-9d01-b82feb78fdce');
INSERT INTO todoapp.groups_todos (group_id, todos_id) VALUES ('26cbc080-0464-4659-a970-8fbe11269b20', '9ad73f91-c3f6-472f-a01d-71dd61afe3d3');
INSERT INTO todoapp.groups_todos (group_id, todos_id) VALUES ('bcf9e247-aae7-4ab9-97c7-be346cb38ee7', '832738d7-6a84-4978-a196-43616a279df9');
INSERT INTO todoapp.groups_todos (group_id, todos_id) VALUES ('d1b43015-7fcf-4cbe-aff2-01de5a9c1479', '8b95b726-fa2c-424c-9bc9-023122f338fd');
INSERT INTO todoapp.groups_todos (group_id, todos_id) VALUES ('d1f449e9-725d-4261-a16d-646c6563fde9', 'e22a8d72-6c91-4ba9-a725-700998060f10');
INSERT INTO todoapp.groups_todos (group_id, todos_id) VALUES ('d274628b-d5b6-4309-8185-e23ae659a629', 'c4415452-cc0d-4d10-acd3-ef39cdd54907');
INSERT INTO todoapp.groups_todos (group_id, todos_id) VALUES ('ee5bb14f-a8d8-4d5c-be56-1b24d212c357', 'b533afe0-0e9a-459f-9eb0-6e1cc508dc2c');
INSERT INTO todoapp.groups_users (group_id, users_id) VALUES ('1668be20-d71c-47a9-bb8d-18e0c2618bf9', 'ec86dcf2-8e5e-45fe-b0de-9b20ca7dfe7a');
INSERT INTO todoapp.groups_users (group_id, users_id) VALUES ('180712e0-1c32-4889-b18d-8e7424bbba97', 'febd2ca7-4838-410e-9a58-2a72495c846a');
INSERT INTO todoapp.groups_users (group_id, users_id) VALUES ('1e62a178-2f78-42f8-b225-6a202cb583af', 'f21a7170-5c77-4a04-9e08-9251770d8f6a');
INSERT INTO todoapp.groups_users (group_id, users_id) VALUES ('24fba1dd-a51c-4964-b378-0d9f157cae91', '049d1a7f-62f1-48a1-83d5-6601c8230a76');
INSERT INTO todoapp.groups_users (group_id, users_id) VALUES ('26cbc080-0464-4659-a970-8fbe11269b20', '53d5d38a-b87d-4aac-9f83-9300e9edec94');
INSERT INTO todoapp.groups_users (group_id, users_id) VALUES ('bcf9e247-aae7-4ab9-97c7-be346cb38ee7', 'd81a4860-9885-47e1-8b24-ac178e299e03');
INSERT INTO todoapp.groups_users (group_id, users_id) VALUES ('d1b43015-7fcf-4cbe-aff2-01de5a9c1479', 'c4d0a6f7-6316-4839-89ba-d6fd0bb84447');
INSERT INTO todoapp.groups_users (group_id, users_id) VALUES ('d1f449e9-725d-4261-a16d-646c6563fde9', '5977f43c-9b86-4960-8569-cf16b471f9e7');
INSERT INTO todoapp.groups_users (group_id, users_id) VALUES ('d274628b-d5b6-4309-8185-e23ae659a629', '0cbeace2-fb49-4d79-8773-0b3a486b5743');
INSERT INTO todoapp.groups_users (group_id, users_id) VALUES ('ee5bb14f-a8d8-4d5c-be56-1b24d212c357', '4e4aa222-0261-4d88-8605-54a48246f62c');
INSERT INTO todoapp.todo_tags (todo_id, tags_name) VALUES ('832738d7-6a84-4978-a196-43616a279df9', 'test0');
INSERT INTO todoapp.todo_tags (todo_id, tags_name) VALUES ('8b95b726-fa2c-424c-9bc9-023122f338fd', 'test9');
INSERT INTO todoapp.todo_tags (todo_id, tags_name) VALUES ('9ad73f91-c3f6-472f-a01d-71dd61afe3d3', 'test3');
INSERT INTO todoapp.todo_tags (todo_id, tags_name) VALUES ('b533afe0-0e9a-459f-9eb0-6e1cc508dc2c', 'test2');
INSERT INTO todoapp.todo_tags (todo_id, tags_name) VALUES ('c03e1dad-b323-474f-80ac-c04495904c1f', 'test6');
INSERT INTO todoapp.todo_tags (todo_id, tags_name) VALUES ('c4415452-cc0d-4d10-acd3-ef39cdd54907', 'test7');
INSERT INTO todoapp.todo_tags (todo_id, tags_name) VALUES ('c6102ecb-9c1a-4883-9d01-b82feb78fdce', 'test5');
INSERT INTO todoapp.todo_tags (todo_id, tags_name) VALUES ('c9457403-09a7-48f3-8fe1-92896c66a65f', 'test1');
INSERT INTO todoapp.todo_tags (todo_id, tags_name) VALUES ('ca7510a0-1d01-4864-b8dd-9e6bb5cccd91', 'test4');
INSERT INTO todoapp.todo_tags (todo_id, tags_name) VALUES ('e22a8d72-6c91-4ba9-a725-700998060f10', 'test8');
INSERT INTO todoapp.users_calendars (user_id, calendars_id) VALUES ('049d1a7f-62f1-48a1-83d5-6601c8230a76', '44a45d92-0ec1-4d55-a442-4251a15ac0f7');
INSERT INTO todoapp.users_calendars (user_id, calendars_id) VALUES ('0cbeace2-fb49-4d79-8773-0b3a486b5743', '64487846-ff42-4670-99ca-91fd63ea0aaa');
INSERT INTO todoapp.users_calendars (user_id, calendars_id) VALUES ('4e4aa222-0261-4d88-8605-54a48246f62c', 'd40b9dec-e84b-45fa-97f2-353feab56568');
INSERT INTO todoapp.users_calendars (user_id, calendars_id) VALUES ('53d5d38a-b87d-4aac-9f83-9300e9edec94', '036203e3-fd22-497a-aa4f-2fcca1f4545c');
INSERT INTO todoapp.users_calendars (user_id, calendars_id) VALUES ('5977f43c-9b86-4960-8569-cf16b471f9e7', 'a7ba37e9-d03b-45ba-be8e-2dc1109f5c39');
INSERT INTO todoapp.users_calendars (user_id, calendars_id) VALUES ('c4d0a6f7-6316-4839-89ba-d6fd0bb84447', '72f9271a-4597-4fc3-8ba9-5730f918fb46');
INSERT INTO todoapp.users_calendars (user_id, calendars_id) VALUES ('d81a4860-9885-47e1-8b24-ac178e299e03', 'e1ed8e7b-1515-49bf-9874-b5178c1ca19a');
INSERT INTO todoapp.users_calendars (user_id, calendars_id) VALUES ('ec86dcf2-8e5e-45fe-b0de-9b20ca7dfe7a', '023decf4-2ceb-4221-9031-f8ebfa2e39bb');
INSERT INTO todoapp.users_calendars (user_id, calendars_id) VALUES ('f21a7170-5c77-4a04-9e08-9251770d8f6a', 'b6e231d4-fd69-41a6-bbf0-1799cfcfc699');
INSERT INTO todoapp.users_calendars (user_id, calendars_id) VALUES ('febd2ca7-4838-410e-9a58-2a72495c846a', '493354de-363e-4182-8673-f68c30f3835c');
INSERT INTO todoapp.users_todos (user_id, todos_id) VALUES ('049d1a7f-62f1-48a1-83d5-6601c8230a76', 'c6102ecb-9c1a-4883-9d01-b82feb78fdce');
INSERT INTO todoapp.users_todos (user_id, todos_id) VALUES ('0cbeace2-fb49-4d79-8773-0b3a486b5743', 'c4415452-cc0d-4d10-acd3-ef39cdd54907');
INSERT INTO todoapp.users_todos (user_id, todos_id) VALUES ('4e4aa222-0261-4d88-8605-54a48246f62c', 'b533afe0-0e9a-459f-9eb0-6e1cc508dc2c');
INSERT INTO todoapp.users_todos (user_id, todos_id) VALUES ('53d5d38a-b87d-4aac-9f83-9300e9edec94', '9ad73f91-c3f6-472f-a01d-71dd61afe3d3');
INSERT INTO todoapp.users_todos (user_id, todos_id) VALUES ('5977f43c-9b86-4960-8569-cf16b471f9e7', 'e22a8d72-6c91-4ba9-a725-700998060f10');
INSERT INTO todoapp.users_todos (user_id, todos_id) VALUES ('c4d0a6f7-6316-4839-89ba-d6fd0bb84447', '8b95b726-fa2c-424c-9bc9-023122f338fd');
INSERT INTO todoapp.users_todos (user_id, todos_id) VALUES ('d81a4860-9885-47e1-8b24-ac178e299e03', '832738d7-6a84-4978-a196-43616a279df9');
INSERT INTO todoapp.users_todos (user_id, todos_id) VALUES ('ec86dcf2-8e5e-45fe-b0de-9b20ca7dfe7a', 'ca7510a0-1d01-4864-b8dd-9e6bb5cccd91');
INSERT INTO todoapp.users_todos (user_id, todos_id) VALUES ('f21a7170-5c77-4a04-9e08-9251770d8f6a', 'c9457403-09a7-48f3-8fe1-92896c66a65f');
INSERT INTO todoapp.users_todos (user_id, todos_id) VALUES ('febd2ca7-4838-410e-9a58-2a72495c846a', 'c03e1dad-b323-474f-80ac-c04495904c1f');
